insert into autor (id, nome) values 
	(1, "Renato Russo"),
	(2, "Tom Jobin"),
	(3, "Chico Buarque"),
	(4, "Villa Lobos"),
	(5, "Marcelo Bonfá"),
	(6, "Ico Ouro Preto"),
	(7, "Vinicius de Moraes");

insert into musica (id, nome, duracao) values
	(1, 'Será', 02.28),
	(2, 'Ainda é Cedo', 03.55),
	(3, 'Geração Coca-Cola', 02.20),
	(4, 'Eduardo e Monica', 04.32),
	(5, 'Tempo Perdido', 05.00),
	(6, 'Indios', 04.23),
	(7, 'Que Pais é Este', 03.04),
	(8, 'Faroeste Caboclo', 09.03),
	(9, 'Há Tempos', 03.16),
	(10, 'Pais e Filhos', 05.06),
	(11, 'Meninos e Meninas', 03.22),
	(12, 'Vento no Litoral', 06.05),
	(13, 'Perfeição', 04.35),
	(14, 'Giz', 03.20),
	(15, 'Dezesseis', 05.28),
	(16, 'Antes das Seis', 03.09),
	(17, 'Meninos. Eu vi', 03.25),
	(18, 'Eu te amo', 03.06),
	(19, 'Piano na Mangueira', 02.23),
	(20, 'A Violeira', 02.54),
	(21, 'Anos Dourados', 02.56),
	(22, 'Olha. Maria', 03.55),
	(23, 'Biscate', 03.20),
	(24, 'Retrato em Preto e Branco', 03.03),
	(25, 'Falando de Amor', 03.20),
	(26, 'Pois é', 02.48),
	(27, 'Noite dos Mascarados', 02.42),
	(28, 'Sabiá', 03.20),
	(29, 'imagina', 02.52),
	(30, 'Bate-Boca', 04.41);
    
insert into musica_autor (musicaId, autorId) values
	(1,1),
	(1,4),
	(1,5),
	(2,1),
	(2,1),
	(2,5),
	(2,6),
	(3,1),
	(4,1),
	(5,1),
	(6,1),
	(7,1),
	(8,1),
	(9,1),
	(9,4),
	(10,1),
	(10,4),
	(10,5),
	(11,4),
	(11,5),
	(13,1),
	(13,4),
	(13,5),
	(14,1),
	(14,4),
	(14,5),
	(15,1),
	(15,4),
	(16,1),
	(16,4),
	(16,5),
	(17,2),
	(17,3),
	(18,2),
	(18,3),
	(19,2),
	(19,3),
	(20,2),
	(20,3),
	(21,2),
	(21,3),
	(22,2),
	(22,3),
	(22,7),
	(23,3),
	(24,2),
	(24,3),
	(25,2),
	(26,2),
	(26,3),
	(27,3),
	(28,2),
	(28,3),
	(29,2),
	(29,3),
	(30,3);

insert into gravadora (id, nome, endereco, telefone, contato, url) values
	(1, "EMI", "Rod. Dutra, Km 29.8", 55659856, 89657894, "emi@emi-music.com.br"),
	(2, "POLYGRAM", "Rod. Imigrantes, Km 29.8", 99659856, 75957894, "polygram@music.com.br"),
	(3, "BMG", "Rod. Anchieta, Km 289.8", 99654456, 75957004, "bmg@music.com.br"),
	(4, "SOM LIVRE", "Av. São José, Km 289.8", 99657806, 78957004, "somlivre@music.com.br"),
	(5, "EPIC", "Av. Alda, N 89", 58793321, 89654789, "epic@music.com.br");
    
insert into cd_categoria (id, menorPreco, maiorPreco) values
	(1, 10, 20),
    (2, 20, 40),
    (3, 30, 60),
    (4, 11, 22),
    (5, 15, 25),
    (6, 15, 30),
    (7, 21, 42),
    (8, 25, 50),
    (9, 22, 44),
    (10, 9, 18);
    
insert into cd (id, gravadoraId, nome, precoVenda, dataLancamento, cdIndicado) values
(1, 1, 'Mais do Mesmo', -5.00, '1985-02-03', 1),
(2, 3, 'Bate Boca', -15.00, '1999-08-07', 2),
(3, 4, 'Elis Regina-Essa Mulher', -18.00, '1986-05-25', 3),
(4, 3, 'A forca que nunca seca', 5.25, '1981-07-15', 4),
(5, 4, 'Perfil', 20.99, '1987-01-02', 5),
(6, 2, 'Barry Mandam Greastest Hits', 25.00, '1958-12-18', 1),
(7, 5, 'Listen Without Prejudice', 28.00, '1975-06-11', 7);

insert into faixa (cdId, musicaId, numeroFaixa) values 
	(1,1,1),
	(1,2,2),
	(1,3,3),
	(1,4,4),
	(1,5,5),
	(1,6,6),
	(1,7,7),
	(1,8,8),
	(1,9,9),
	(1,10,10),
	(1,11,11),
	(1,12,12),
	(1,13,13),
	(1,14,14),
	(1,15,15),
	(1,16,16),
	(2,1,1),
	(2,2,2),
	(2,3,3),
	(2,4,4),
	(2,5,5),
	(2,6,6),
	(2,7,7),
	(2,8,8),
	(2,9,9),
	(2,10,10),
	(2,11,11),
	(2,12,12),
	(2,13,13),
	(2,14,14);